{"cameraMode":{"drawMode":0,"name":"Shaded","section":"Shading Mode"},"sceneLighting":true,"audioPlay":false,"sceneViewState":{"showFog":true,"showMaterialUpdate":false,"showSkybox":true,"showFlares":true,"showImageEffects":true,"showParticleSystems":true},"in2DMode":false,"pivot":{"x":3.8083436489105226,"y":-1.2271649837493897,"z":-20.06329345703125},"rotation":{"x":0.015122609212994576,"y":0.9751225113868713,"z":-0.07033034414052963,"w":0.20967161655426026},"size":8.899920463562012,"orthographic":false}