{"cameraMode":{"drawMode":0,"name":"Shaded","section":"Shading Mode"},"sceneLighting":true,"audioPlay":false,"sceneViewState":{"showFog":true,"showMaterialUpdate":false,"showSkybox":true,"showFlares":true,"showImageEffects":true,"showParticleSystems":true},"in2DMode":false,"pivot":{"x":0.18799997866153718,"y":0.05000007152557373,"z":-3.133999824523926},"rotation":{"x":0.015122609212994576,"y":0.9751225113868713,"z":-0.07033034414052963,"w":0.20967161655426026},"size":2.9562184810638429,"orthographic":false}