{"cameraMode":{"drawMode":0,"name":"Shaded","section":"Shading Mode"},"sceneLighting":false,"audioPlay":false,"sceneViewState":{"showFog":true,"showMaterialUpdate":false,"showSkybox":false,"showFlares":true,"showImageEffects":true,"showParticleSystems":true},"in2DMode":false,"pivot":{"x":0.05899995565414429,"y":0.09700000286102295,"z":-0.16941294074058534},"rotation":{"x":-0.14811120927333833,"y":0.783713161945343,"z":-0.20455335080623628,"w":-0.5674638748168945},"size":3.3780102729797365,"orthographic":false}